FirstName;LastName;Email;Telephone;Company;Address;City;PostCode;Password;PasswordC
Jorge;Galarraga;jorge2@example.com;123456798;Abstracta;Calle 1 Piso 2;Santiago;123456;132465789;132465789
Jorge;Galarraga;jorge3@example.com;123456798;Abstracta;Calle 1 Piso 3;Santiago;123456;132465789;132465789
Jorge;Galarraga;jorge4@example.com;123456798;Abstracta;Calle 1 Piso 4;Santiago;123456;132465789;132465789
Jorge;Galarraga;jorge5@example.com;123456798;Abstracta;Calle 1 Piso 5;Santiago;123456;132465789;132465789
Jorge;Galarraga;jorge6@example.com;123456798;Abstracta;Calle 1 Piso 6;Santiago;123456;132465789;132465789
Jorge;Galarraga;jorge7@example.com;123456798;Abstracta;Calle 1 Piso 7;Santiago;123456;132465789;132465789
Jorge;Galarraga;jorge8@example.com;123456798;Abstracta;Calle 1 Piso 8;Santiago;123456;132465789;132465789
Jorge;Galarraga;jorge9@example.com;123456798;Abstracta;Calle 1 Piso 9;Santiago;123456;132465789;132465789
Jorge;Galarraga;jorge10@example.com;123456798;Abstracta;Calle 1 Piso 10;Santiago;123456;132465789;132465789
Jorge;Galarraga;jorge11@example.com;123456798;Abstracta;Calle 1 Piso 11;Santiago;123456;132465789;132465789
Jorge;Galarraga;jorge13@example.com;123456798;Abstracta;Calle 1 Piso 12;Santiago;123456;132465789;132465789
Jorge;Galarraga;jorge14@example.com;123456798;Abstracta;Calle 1 Piso 13;Santiago;123456;132465789;132465789
Jorge;Galarraga;jorge15@example.com;123456798;Abstracta;Calle 1 Piso 14;Santiago;123456;132465789;132465789
Jorge;Galarraga;jorge16@example.com;123456798;Abstracta;Calle 1 Piso 15;Santiago;123456;132465789;132465789
